paie_id,date_id,employe_id,salaire_base,primes,heures_supplementaires,charges_sociales,cout_total
1,20240101,13,5583.33,584.93,0.0,885.15,7053.41
2,20240101,15,5166.67,533.29,0.0,817.94,6517.9
3,20240101,19,5083.33,184.2,0.0,755.89,6023.42
4,20240101,24,4500.0,157.88,0.0,668.41,5326.29
5,20240101,10,3000.0,397.44,0.0,487.53,3884.97
6,20240101,29,2900.0,114.14,0.0,432.53,3446.67
7,20240101,8,4500.0,459.02,0.0,711.62,5670.64
8,20240101,39,4333.33,511.44,0.0,695.22,5540.0
9,20240101,18,5416.67,286.59,0.0,818.42,6521.67
10,20240101,41,7583.33,0.0,0.0,1088.21,8671.54
11,20240101,11,3916.67,0.0,14.89,564.18,4495.73
12,20240101,2,3916.67,0.0,13.76,564.02,4494.44
13,20240101,25,3833.33,0.0,292.9,592.11,4718.35
14,20240101,45,3500.0,0.0,370.56,555.43,4425.99
15,20240101,14,3666.67,0.0,80.05,537.65,4284.37
16,20240101,40,4083.33,0.0,321.65,632.11,5037.1
17,20240101,35,3750.0,0.0,170.99,562.66,4483.65
18,20240101,47,3666.67,0.0,292.57,568.15,4527.39
19,20240101,22,4000.0,0.0,177.57,599.48,4777.06
20,20240101,37,3750.0,0.0,70.9,548.3,4369.2
21,20240101,27,3500.0,0.0,326.19,549.06,4375.25
22,20240101,9,3583.33,0.0,156.34,536.64,4276.32
23,20240101,1,2900.0,0.0,179.92,441.97,3521.88
24,20240101,44,5083.33,0.0,33.62,734.28,5851.23
25,20240101,7,5000.0,0.0,250.68,753.47,6004.15
26,20240101,42,5000.0,0.0,0.0,717.5,5717.5
27,20240101,30,5750.0,0.0,0.0,825.12,6575.12
28,20240101,17,5333.33,0.0,0.0,765.33,6098.67
29,20240101,31,4833.33,0.0,0.0,693.58,5526.92
30,20240101,34,2550.0,0.0,0.0,365.92,2915.92
31,20240101,38,2950.0,0.0,0.0,423.32,3373.32
32,20240101,16,4500.0,0.0,0.0,645.75,5145.75
33,20240101,36,2650.0,0.0,0.0,380.27,3030.28
34,20240101,23,2900.0,0.0,0.0,416.15,3316.15
35,20240101,33,3916.67,0.0,0.0,562.04,4478.71
36,20240101,32,4333.33,0.0,0.0,621.83,4955.17
37,20240101,46,4166.67,0.0,0.0,597.92,4764.58
38,20240101,28,3750.0,0.0,0.0,538.12,4288.12
39,20240101,43,5333.33,0.0,0.0,765.33,6098.67
40,20240101,20,10416.67,0.0,0.0,1494.79,11911.46
41,20240101,21,8250.0,0.0,0.0,1183.88,9433.88
42,20240101,26,4166.67,0.0,109.02,613.56,4889.25
43,20240101,3,4083.33,0.0,160.25,608.95,4852.53
44,20240201,13,5583.33,432.55,0.0,863.28,6879.17
45,20240201,15,5166.67,735.37,0.0,846.94,6748.98
46,20240201,19,5083.33,747.71,0.0,836.76,6667.8
47,20240201,24,4500.0,408.42,0.0,704.36,5612.78
48,20240201,10,3000.0,179.59,0.0,456.27,3635.87
49,20240201,29,2900.0,269.39,0.0,454.81,3624.2
50,20240201,8,4500.0,139.09,0.0,665.71,5304.8
51,20240201,39,4333.33,226.2,0.0,654.29,5213.83
52,20240201,18,5416.67,200.34,0.0,806.04,6423.04
53,20240201,41,7583.33,0.0,0.0,1088.21,8671.54
54,20240201,11,3916.67,0.0,267.53,600.43,4784.63
55,20240201,2,3916.67,0.0,9.06,563.34,4489.07
56,20240201,25,3833.33,0.0,404.5,608.13,4845.96
57,20240201,45,3500.0,0.0,137.93,522.04,4159.97
58,20240201,14,3666.67,0.0,294.31,568.4,4529.38
59,20240201,40,4083.33,0.0,134.13,605.21,4822.67
60,20240201,35,3750.0,0.0,183.5,564.46,4497.96
61,20240201,47,3666.67,0.0,195.54,554.23,4416.44
62,20240201,22,4000.0,0.0,301.68,617.29,4918.97
63,20240201,37,3750.0,0.0,368.99,591.07,4710.06
64,20240201,27,3500.0,0.0,185.0,528.8,4213.79
65,20240201,9,3583.33,0.0,191.21,541.65,4316.19
66,20240201,1,2900.0,0.0,25.83,419.86,3345.68
67,20240201,44,5083.33,0.0,421.21,789.9,6294.45
68,20240201,7,5000.0,0.0,492.07,788.11,6280.18
69,20240201,42,5000.0,0.0,0.0,717.5,5717.5
70,20240201,30,5750.0,0.0,0.0,825.12,6575.12
71,20240201,17,5333.33,0.0,0.0,765.33,6098.67
72,20240201,31,4833.33,0.0,0.0,693.58,5526.92
73,20240201,34,2550.0,0.0,0.0,365.92,2915.92
74,20240201,38,2950.0,0.0,0.0,423.32,3373.32
75,20240201,16,4500.0,0.0,0.0,645.75,5145.75
76,20240201,36,2650.0,0.0,0.0,380.27,3030.28
77,20240201,23,2900.0,0.0,0.0,416.15,3316.15
78,20240201,33,3916.67,0.0,0.0,562.04,4478.71
79,20240201,32,4333.33,0.0,0.0,621.83,4955.17
80,20240201,46,4166.67,0.0,0.0,597.92,4764.58
81,20240201,28,3750.0,0.0,0.0,538.12,4288.12
82,20240201,43,5333.33,0.0,0.0,765.33,6098.67
83,20240201,20,10416.67,0.0,0.0,1494.79,11911.46
84,20240201,21,8250.0,0.0,0.0,1183.88,9433.88
85,20240201,26,4166.67,0.0,425.48,658.97,5251.12
86,20240201,3,4083.33,0.0,86.16,598.32,4767.82
87,20240301,13,5583.33,578.59,0.0,884.24,7046.16
88,20240301,15,5166.67,516.22,0.0,815.49,6498.38
89,20240301,19,5083.33,998.75,0.0,872.78,6954.86
90,20240301,24,4500.0,932.39,0.0,779.55,6211.94
91,20240301,10,3000.0,271.71,0.0,469.49,3741.2
92,20240301,29,2900.0,264.02,0.0,454.04,3618.06
93,20240301,8,4500.0,542.38,0.0,723.58,5765.96
94,20240301,39,4333.33,648.96,0.0,714.96,5697.25
95,20240301,18,5416.67,943.6,0.0,912.7,7272.97
96,20240301,41,7583.33,0.0,0.0,1088.21,8671.54
97,20240301,11,3916.67,0.0,610.78,649.69,5177.14
98,20240301,2,3916.67,0.0,405.84,620.28,4942.78
99,20240301,25,3833.33,0.0,65.02,559.41,4457.77
100,20240301,45,3500.0,0.0,193.38,530.0,4223.38
101,20240301,14,3666.67,0.0,245.29,561.37,4473.33
102,20240301,40,4083.33,0.0,358.71,637.43,5079.48
103,20240301,35,3750.0,0.0,236.05,572.0,4558.05
104,20240301,47,3666.67,0.0,328.71,573.34,4568.72
105,20240301,22,4000.0,0.0,326.06,620.79,4946.85
106,20240301,37,3750.0,0.0,208.58,568.06,4526.63
107,20240301,27,3500.0,0.0,511.41,575.64,4587.05
108,20240301,9,3583.33,0.0,453.53,579.29,4616.16
109,20240301,1,2900.0,0.0,421.92,476.7,3798.61
110,20240301,44,5083.33,0.0,323.33,775.86,6182.52
111,20240301,7,5000.0,0.0,638.62,809.14,6447.77
112,20240301,42,5000.0,0.0,0.0,717.5,5717.5
113,20240301,30,5750.0,0.0,0.0,825.12,6575.12
114,20240301,17,5333.33,0.0,0.0,765.33,6098.67
115,20240301,31,4833.33,0.0,0.0,693.58,5526.92
116,20240301,34,2550.0,0.0,0.0,365.92,2915.92
117,20240301,38,2950.0,0.0,0.0,423.32,3373.32
118,20240301,16,4500.0,0.0,0.0,645.75,5145.75
119,20240301,36,2650.0,0.0,0.0,380.27,3030.28
120,20240301,23,2900.0,0.0,0.0,416.15,3316.15
121,20240301,33,3916.67,0.0,0.0,562.04,4478.71
122,20240301,32,4333.33,0.0,0.0,621.83,4955.17
123,20240301,46,4166.67,0.0,0.0,597.92,4764.58
124,20240301,28,3750.0,0.0,0.0,538.12,4288.12
125,20240301,43,5333.33,0.0,0.0,765.33,6098.67
126,20240301,20,10416.67,0.0,0.0,1494.79,11911.46
127,20240301,21,8250.0,0.0,0.0,1183.88,9433.88
128,20240301,26,4166.67,0.0,173.64,622.83,4963.14
129,20240301,3,4083.33,0.0,19.01,588.69,4691.03
130,20240401,13,5583.33,770.32,0.0,911.75,7265.4
131,20240401,15,5166.67,1295.94,0.0,927.38,7389.99
132,20240401,19,5083.33,800.48,0.0,844.33,6728.14
133,20240401,24,4500.0,587.54,0.0,730.06,5817.6
134,20240401,10,3000.0,323.49,0.0,476.92,3800.41
135,20240401,29,2900.0,319.8,0.0,462.04,3681.84
136,20240401,8,4500.0,816.56,0.0,762.93,6079.49
137,20240401,39,4333.33,735.99,0.0,727.45,5796.77
138,20240401,18,5416.67,739.78,0.0,883.45,7039.89
139,20240401,41,7583.33,0.0,0.0,1088.21,8671.54
140,20240401,11,3916.67,0.0,137.23,581.73,4635.63
141,20240401,2,3916.67,0.0,38.15,567.52,4522.33
142,20240401,25,3833.33,0.0,63.99,559.27,4456.59
143,20240401,45,3500.0,0.0,492.45,572.92,4565.36
144,20240401,14,3666.67,0.0,358.66,577.63,4602.96
145,20240401,40,4083.33,0.0,598.82,671.89,5354.04
146,20240401,35,3750.0,0.0,333.89,586.04,4669.93
147,20240401,47,3666.67,0.0,210.39,556.36,4433.42
148,20240401,22,4000.0,0.0,493.94,644.88,5138.82
149,20240401,37,3750.0,0.0,226.65,570.65,4547.29
150,20240401,27,3500.0,0.0,252.37,538.47,4290.84
151,20240401,9,3583.33,0.0,506.3,586.86,4676.5
152,20240401,1,2900.0,0.0,154.54,438.33,3492.87
153,20240401,44,5083.33,0.0,998.45,872.74,6954.52
154,20240401,7,5000.0,0.0,790.15,830.89,6621.04
155,20240401,42,5000.0,0.0,0.0,717.5,5717.5
156,20240401,30,5750.0,0.0,0.0,825.12,6575.12
157,20240401,17,5333.33,0.0,0.0,765.33,6098.67
158,20240401,31,4833.33,0.0,0.0,693.58,5526.92
159,20240401,34,2550.0,0.0,0.0,365.92,2915.92
160,20240401,38,2950.0,0.0,0.0,423.32,3373.32
161,20240401,16,4500.0,0.0,0.0,645.75,5145.75
162,20240401,36,2650.0,0.0,0.0,380.27,3030.28
163,20240401,23,2900.0,0.0,0.0,416.15,3316.15
164,20240401,33,3916.67,0.0,0.0,562.04,4478.71
165,20240401,32,4333.33,0.0,0.0,621.83,4955.17
166,20240401,46,4166.67,0.0,0.0,597.92,4764.58
167,20240401,28,3750.0,0.0,0.0,538.12,4288.12
168,20240401,43,5333.33,0.0,0.0,765.33,6098.67
169,20240401,20,10416.67,0.0,0.0,1494.79,11911.46
170,20240401,21,8250.0,0.0,0.0,1183.88,9433.88
171,20240401,26,4166.67,0.0,815.82,714.99,5697.47
172,20240401,3,4083.33,0.0,447.01,650.1,5180.44
173,20240501,13,5583.33,1463.82,0.0,1011.27,8058.42
174,20240501,15,5166.67,608.52,0.0,828.74,6603.92
175,20240501,19,5083.33,739.63,0.0,835.6,6658.56
176,20240501,24,4500.0,490.5,0.0,716.14,5706.63
177,20240501,10,3000.0,402.33,0.0,488.23,3890.57
178,20240501,29,2900.0,480.15,0.0,485.05,3865.2
179,20240501,8,4500.0,913.27,0.0,776.8,6190.07
180,20240501,39,4333.33,706.03,0.0,723.15,5762.51
181,20240501,18,5416.67,1243.55,0.0,955.74,7615.96
182,20240501,41,7583.33,0.0,0.0,1088.21,8671.54
183,20240501,11,3916.67,0.0,556.34,641.88,5114.89
184,20240501,2,3916.67,0.0,425.32,623.07,4965.06
185,20240501,25,3833.33,0.0,639.77,641.89,5114.99
186,20240501,45,3500.0,0.0,349.59,552.42,4402.01
187,20240501,14,3666.67,0.0,138.04,545.98,4350.68
188,20240501,40,4083.33,0.0,773.76,696.99,5554.08
189,20240501,35,3750.0,0.0,638.29,629.72,5018.01
190,20240501,47,3666.67,0.0,53.93,533.9,4254.5
191,20240501,22,4000.0,0.0,345.45,623.57,4969.02
192,20240501,37,3750.0,0.0,323.51,584.55,4658.06
193,20240501,27,3500.0,0.0,429.32,563.86,4493.18
194,20240501,9,3583.33,0.0,673.18,610.81,4867.32
195,20240501,1,2900.0,0.0,207.26,445.89,3553.16
196,20240501,44,5083.33,0.0,661.5,824.38,6569.22
197,20240501,7,5000.0,0.0,40.09,723.25,5763.34
198,20240501,42,5000.0,0.0,0.0,717.5,5717.5
199,20240501,30,5750.0,0.0,0.0,825.12,6575.12
200,20240501,17,5333.33,0.0,0.0,765.33,6098.67
201,20240501,31,4833.33,0.0,0.0,693.58,5526.92
202,20240501,34,2550.0,0.0,0.0,365.92,2915.92
203,20240501,38,2950.0,0.0,0.0,423.32,3373.32
204,20240501,16,4500.0,0.0,0.0,645.75,5145.75
205,20240501,36,2650.0,0.0,0.0,380.27,3030.28
206,20240501,23,2900.0,0.0,0.0,416.15,3316.15
207,20240501,33,3916.67,0.0,0.0,562.04,4478.71
208,20240501,32,4333.33,0.0,0.0,621.83,4955.17
209,20240501,46,4166.67,0.0,0.0,597.92,4764.58
210,20240501,28,3750.0,0.0,0.0,538.12,4288.12
211,20240501,43,5333.33,0.0,0.0,765.33,6098.67
212,20240501,20,10416.67,0.0,0.0,1494.79,11911.46
213,20240501,21,8250.0,0.0,0.0,1183.88,9433.88
214,20240501,26,4166.67,0.0,668.23,693.81,5528.7
215,20240501,3,4083.33,0.0,781.42,698.09,5562.85
216,20240601,13,5583.33,1273.66,0.0,983.98,7840.98
217,20240601,15,5166.67,1210.79,0.0,915.16,7292.62
218,20240601,19,5083.33,509.3,0.0,802.54,6395.17
219,20240601,24,4500.0,357.2,0.0,697.01,5554.21
220,20240601,10,3000.0,359.91,0.0,482.15,3842.06
221,20240601,29,2900.0,592.66,0.0,501.2,3993.86
222,20240601,8,4500.0,261.09,0.0,683.22,5444.31
223,20240601,39,4333.33,828.85,0.0,740.77,5902.96
224,20240601,18,5416.67,367.64,0.0,830.05,6614.35
225,20240601,41,7583.33,0.0,0.0,1088.21,8671.54
226,20240601,11,3916.67,0.0,142.1,582.43,4641.2
227,20240601,2,3916.67,0.0,700.36,662.54,5279.57
228,20240601,25,3833.33,0.0,613.4,638.11,5084.83
229,20240601,45,3500.0,0.0,398.45,559.43,4457.87
230,20240601,14,3666.67,0.0,174.76,551.25,4392.67
231,20240601,40,4083.33,0.0,415.37,645.56,5144.27
232,20240601,35,3750.0,0.0,532.2,614.5,4896.7
233,20240601,47,3666.67,0.0,522.97,601.21,4790.84
234,20240601,22,4000.0,0.0,73.17,584.5,4657.67
235,20240601,37,3750.0,0.0,120.97,555.48,4426.45
236,20240601,27,3500.0,0.0,280.44,542.49,4322.94
237,20240601,9,3583.33,0.0,116.66,530.95,4230.94
238,20240601,1,2900.0,0.0,492.64,486.84,3879.48
239,20240601,44,5083.33,0.0,7.85,730.58,5821.77
240,20240601,7,5000.0,0.0,70.51,727.62,5798.13
241,20240601,42,5000.0,0.0,0.0,717.5,5717.5
242,20240601,30,5750.0,0.0,0.0,825.12,6575.12
243,20240601,17,5333.33,0.0,0.0,765.33,6098.67
244,20240601,31,4833.33,0.0,0.0,693.58,5526.92
245,20240601,34,2550.0,0.0,0.0,365.92,2915.92
246,20240601,38,2950.0,0.0,0.0,423.32,3373.32
247,20240601,16,4500.0,0.0,0.0,645.75,5145.75
248,20240601,36,2650.0,0.0,0.0,380.27,3030.28
249,20240601,23,2900.0,0.0,0.0,416.15,3316.15
250,20240601,33,3916.67,0.0,0.0,562.04,4478.71
251,20240601,32,4333.33,0.0,0.0,621.83,4955.17
252,20240601,46,4166.67,0.0,0.0,597.92,4764.58
253,20240601,28,3750.0,0.0,0.0,538.12,4288.12
254,20240601,43,5333.33,0.0,0.0,765.33,6098.67
255,20240601,20,10416.67,0.0,0.0,1494.79,11911.46
256,20240601,21,8250.0,0.0,0.0,1183.88,9433.88
257,20240601,26,4166.67,0.0,158.77,620.7,4946.13
258,20240601,3,4083.33,0.0,72.22,596.32,4751.88
259,20240701,13,5583.33,522.81,0.0,876.23,6982.37
260,20240701,15,5166.67,539.96,0.0,818.9,6525.53
261,20240701,19,5083.33,672.39,0.0,825.95,6581.67
262,20240701,24,4500.0,172.3,0.0,670.48,5342.78
263,20240701,10,3000.0,102.64,0.0,445.23,3547.87
264,20240701,29,2900.0,281.35,0.0,456.52,3637.88
265,20240701,8,4500.0,777.4,0.0,757.31,6034.7
266,20240701,39,4333.33,696.83,0.0,721.83,5751.99
267,20240701,18,5416.67,473.2,0.0,845.2,6735.06
268,20240701,41,7583.33,0.0,0.0,1088.21,8671.54
269,20240701,11,3916.67,0.0,496.49,633.29,5046.44
270,20240701,2,3916.67,0.0,171.28,586.62,4674.56
271,20240701,25,3833.33,0.0,407.5,608.56,4849.39
272,20240701,45,3500.0,0.0,521.87,577.14,4599.01
273,20240701,14,3666.67,0.0,417.56,586.09,4670.31
274,20240701,40,4083.33,0.0,588.43,670.4,5342.16
275,20240701,35,3750.0,0.0,490.46,608.51,4848.97
276,20240701,47,3666.67,0.0,559.42,606.44,4832.53
277,20240701,22,4000.0,0.0,511.78,647.44,5159.23
278,20240701,37,3750.0,0.0,552.01,617.34,4919.34
279,20240701,27,3500.0,0.0,404.22,560.25,4464.47
280,20240701,9,3583.33,0.0,461.95,580.5,4625.79
281,20240701,1,2900.0,0.0,271.75,455.15,3626.89
282,20240701,44,5083.33,0.0,537.54,806.6,6427.47
283,20240701,7,5000.0,0.0,400.6,774.99,6175.59
284,20240701,42,5000.0,0.0,0.0,717.5,5717.5
285,20240701,30,5750.0,0.0,0.0,825.12,6575.12
286,20240701,17,5333.33,0.0,0.0,765.33,6098.67
287,20240701,31,4833.33,0.0,0.0,693.58,5526.92
288,20240701,34,2550.0,0.0,0.0,365.92,2915.92
289,20240701,38,2950.0,0.0,0.0,423.32,3373.32
290,20240701,16,4500.0,0.0,0.0,645.75,5145.75
291,20240701,36,2650.0,0.0,0.0,380.27,3030.28
292,20240701,23,2900.0,0.0,0.0,416.15,3316.15
293,20240701,33,3916.67,0.0,0.0,562.04,4478.71
294,20240701,32,4333.33,0.0,0.0,621.83,4955.17
295,20240701,46,4166.67,0.0,0.0,597.92,4764.58
296,20240701,28,3750.0,0.0,0.0,538.12,4288.12
297,20240701,43,5333.33,0.0,0.0,765.33,6098.67
298,20240701,20,10416.67,0.0,0.0,1494.79,11911.46
299,20240701,21,8250.0,0.0,0.0,1183.88,9433.88
300,20240701,26,4166.67,0.0,478.83,666.63,5312.13
301,20240701,3,4083.33,0.0,409.29,644.69,5137.32
302,20240801,13,5583.33,406.96,0.0,859.61,6849.9
303,20240801,15,5166.67,1321.26,0.0,931.02,7418.94
304,20240801,19,5083.33,1143.43,0.0,893.54,7120.3
305,20240801,24,4500.0,240.3,0.0,680.23,5420.54
306,20240801,10,3000.0,593.8,0.0,515.71,4109.51
307,20240801,29,2900.0,618.03,0.0,504.84,4022.87
308,20240801,8,4500.0,547.37,0.0,724.3,5771.67
309,20240801,39,4333.33,611.36,0.0,709.56,5654.25
310,20240801,18,5416.67,1521.28,0.0,995.6,7933.54
311,20240801,41,7583.33,0.0,0.0,1088.21,8671.54
312,20240801,11,3916.67,0.0,299.46,605.01,4821.14
313,20240801,2,3916.67,0.0,782.42,674.32,5373.41
314,20240801,25,3833.33,0.0,466.79,617.07,4917.19
315,20240801,45,3500.0,0.0,1.46,502.46,4003.92
316,20240801,14,3666.67,0.0,714.74,628.73,5010.14
317,20240801,40,4083.33,0.0,445.44,649.88,5178.66
318,20240801,35,3750.0,0.0,475.66,606.38,4832.04
319,20240801,47,3666.67,0.0,772.45,637.01,5076.13
320,20240801,22,4000.0,0.0,154.74,596.2,4750.94
321,20240801,37,3750.0,0.0,243.23,573.03,4566.26
322,20240801,27,3500.0,0.0,703.92,603.26,4807.18
323,20240801,9,3583.33,0.0,660.52,608.99,4852.85
324,20240801,1,2900.0,0.0,269.56,454.83,3624.4
325,20240801,44,5083.33,0.0,202.16,758.47,6043.96
326,20240801,7,5000.0,0.0,1161.74,884.21,7045.95
327,20240801,42,5000.0,0.0,0.0,717.5,5717.5
328,20240801,30,5750.0,0.0,0.0,825.12,6575.12
329,20240801,17,5333.33,0.0,0.0,765.33,6098.67
330,20240801,31,4833.33,0.0,0.0,693.58,5526.92
331,20240801,34,2550.0,0.0,0.0,365.92,2915.92
332,20240801,38,2950.0,0.0,0.0,423.32,3373.32
333,20240801,36,2650.0,0.0,0.0,380.27,3030.28
334,20240801,23,2900.0,0.0,0.0,416.15,3316.15
335,20240801,33,3916.67,0.0,0.0,562.04,4478.71
336,20240801,32,4333.33,0.0,0.0,621.83,4955.17
337,20240801,46,4166.67,0.0,0.0,597.92,4764.58
338,20240801,28,3750.0,0.0,0.0,538.12,4288.12
339,20240801,43,5333.33,0.0,0.0,765.33,6098.67
340,20240801,20,10416.67,0.0,0.0,1494.79,11911.46
341,20240801,21,8250.0,0.0,0.0,1183.88,9433.88
342,20240801,26,4166.67,0.0,202.47,626.97,4996.1
343,20240801,3,4083.33,0.0,362.6,637.99,5083.92
344,20240901,13,5583.33,1625.75,0.0,1034.5,8243.59
345,20240901,15,5166.67,659.9,0.0,836.11,6662.68
346,20240901,19,5083.33,754.07,0.0,837.67,6675.07
347,20240901,24,4500.0,314.81,0.0,690.93,5505.73
348,20240901,10,3000.0,813.39,0.0,547.22,4360.61
349,20240901,29,2900.0,364.5,0.0,468.46,3732.95
350,20240901,8,4500.0,807.18,0.0,761.58,6068.76
351,20240901,39,4333.33,377.19,0.0,675.96,5386.48
352,20240901,18,5416.67,1758.28,0.0,1029.61,8204.56
353,20240901,41,7583.33,0.0,0.0,1088.21,8671.54
354,20240901,11,3916.67,0.0,622.15,651.32,5190.13
355,20240901,2,3916.67,0.0,266.6,600.3,4783.57
356,20240901,25,3833.33,0.0,153.63,572.13,4559.1
357,20240901,45,3500.0,0.0,544.73,580.42,4625.15
358,20240901,14,3666.67,0.0,41.63,532.14,4240.44
359,20240901,40,4083.33,0.0,363.86,638.17,5085.36
360,20240901,35,3750.0,0.0,277.63,577.96,4605.59
361,20240901,47,3666.67,0.0,630.91,616.7,4914.28
362,20240901,22,4000.0,0.0,284.61,614.84,4899.45
363,20240901,37,3750.0,0.0,119.45,555.27,4424.72
364,20240901,27,3500.0,0.0,173.1,527.09,4200.19
365,20240901,9,3583.33,0.0,501.56,586.18,4671.08
366,20240901,1,2900.0,0.0,611.23,503.86,4015.09
367,20240901,44,5083.33,0.0,399.24,786.75,6269.32
368,20240901,7,5000.0,0.0,1097.17,874.94,6972.12
369,20240901,42,5000.0,0.0,0.0,717.5,5717.5
370,20240901,30,5750.0,0.0,0.0,825.12,6575.12
371,20240901,17,5333.33,0.0,0.0,765.33,6098.67
372,20240901,31,4833.33,0.0,0.0,693.58,5526.92
373,20240901,34,2550.0,0.0,0.0,365.92,2915.92
374,20240901,38,2950.0,0.0,0.0,423.32,3373.32
375,20240901,36,2650.0,0.0,0.0,380.27,3030.28
376,20240901,23,2900.0,0.0,0.0,416.15,3316.15
377,20240901,33,3916.67,0.0,0.0,562.04,4478.71
378,20240901,32,4333.33,0.0,0.0,621.83,4955.17
379,20240901,46,4166.67,0.0,0.0,597.92,4764.58
380,20240901,28,3750.0,0.0,0.0,538.12,4288.12
381,20240901,43,5333.33,0.0,0.0,765.33,6098.67
382,20240901,20,10416.67,0.0,0.0,1494.79,11911.46
383,20240901,21,8250.0,0.0,0.0,1183.88,9433.88
384,20240901,26,4166.67,0.0,442.53,661.42,5270.62
385,20240901,3,4083.33,0.0,682.45,683.89,5449.67
386,20240901,12,4416.67,0.0,0.0,633.79,5050.46
387,20241001,13,5583.33,467.38,0.0,868.28,6918.99
388,20241001,15,5166.67,860.91,0.0,864.96,6892.53
389,20241001,19,5083.33,1612.55,0.0,960.86,7656.75
390,20241001,24,4500.0,1348.55,0.0,839.27,6687.82
391,20241001,10,3000.0,354.78,0.0,481.41,3836.19
392,20241001,29,2900.0,276.85,0.0,455.88,3632.73
393,20241001,8,4500.0,521.74,0.0,720.62,5742.36
394,20241001,39,4333.33,1226.94,0.0,797.9,6358.18
395,20241001,18,5416.67,1550.45,0.0,999.78,7966.9
396,20241001,41,7583.33,0.0,0.0,1088.21,8671.54
397,20241001,11,3916.67,0.0,913.24,693.09,5523.0
398,20241001,2,3916.67,0.0,238.87,596.32,4751.86
399,20241001,25,3833.33,0.0,183.83,576.46,4593.63
400,20241001,45,3500.0,0.0,148.72,523.59,4172.31
401,20241001,14,3666.67,0.0,379.52,580.63,4626.81
402,20241001,40,4083.33,0.0,929.98,719.41,5732.72
403,20241001,35,3750.0,0.0,544.03,616.19,4910.22
404,20241001,47,3666.67,0.0,449.23,590.63,4706.53
405,20241001,22,4000.0,0.0,270.8,612.86,4883.67
406,20241001,37,3750.0,0.0,662.66,633.22,5045.88
407,20241001,27,3500.0,0.0,114.96,518.75,4133.71
408,20241001,9,3583.33,0.0,497.5,585.6,4666.44
409,20241001,1,2900.0,0.0,531.77,492.46,3924.23
410,20241001,44,5083.33,0.0,435.44,791.94,6310.71
411,20241001,7,5000.0,0.0,460.66,783.6,6244.26
412,20241001,42,5000.0,0.0,0.0,717.5,5717.5
413,20241001,30,5750.0,0.0,0.0,825.12,6575.12
414,20241001,17,5333.33,0.0,0.0,765.33,6098.67
415,20241001,31,4833.33,0.0,0.0,693.58,5526.92
416,20241001,34,2550.0,0.0,0.0,365.92,2915.92
417,20241001,38,2950.0,0.0,0.0,423.32,3373.32
418,20241001,36,2650.0,0.0,0.0,380.27,3030.28
419,20241001,23,2900.0,0.0,0.0,416.15,3316.15
420,20241001,33,3916.67,0.0,0.0,562.04,4478.71
421,20241001,32,4333.33,0.0,0.0,621.83,4955.17
422,20241001,46,4166.67,0.0,0.0,597.92,4764.58
423,20241001,28,3750.0,0.0,0.0,538.12,4288.12
424,20241001,43,5333.33,0.0,0.0,765.33,6098.67
425,20241001,20,10416.67,0.0,0.0,1494.79,11911.46
426,20241001,21,8250.0,0.0,0.0,1183.88,9433.88
427,20241001,26,4166.67,0.0,1048.46,748.37,5963.5
428,20241001,3,4083.33,0.0,637.98,677.51,5398.83
429,20241001,12,4416.67,0.0,0.0,633.79,5050.46
430,20241101,13,5583.33,901.35,0.0,930.55,7415.24
431,20241101,15,5166.67,455.21,0.0,806.74,6428.62
432,20241101,19,5083.33,1233.16,0.0,906.42,7222.91
433,20241101,24,4500.0,744.98,0.0,752.65,5997.63
434,20241101,10,3000.0,463.74,0.0,497.05,3960.79
435,20241101,29,2900.0,269.79,0.0,454.86,3624.65
436,20241101,8,4500.0,587.91,0.0,730.11,5818.02
437,20241101,39,4333.33,467.58,0.0,688.93,5489.84
438,20241101,18,5416.67,847.38,0.0,898.89,7162.93
439,20241101,41,7583.33,0.0,0.0,1088.21,8671.54
440,20241101,11,3916.67,0.0,787.22,675.01,5378.9
441,20241101,2,3916.67,0.0,623.41,651.5,5191.58
442,20241101,25,3833.33,0.0,761.51,659.36,5254.2
443,20241101,45,3500.0,0.0,412.07,561.38,4473.45
444,20241101,14,3666.67,0.0,314.81,571.34,4552.81
445,20241101,40,4083.33,0.0,59.12,594.44,4736.89
446,20241101,35,3750.0,0.0,94.81,551.73,4396.54
447,20241101,47,3666.67,0.0,711.81,628.31,5006.79
448,20241101,22,4000.0,0.0,593.35,659.15,5252.5
449,20241101,37,3750.0,0.0,528.53,613.97,4892.49
450,20241101,27,3500.0,0.0,500.98,574.14,4575.12
451,20241101,9,3583.33,0.0,54.44,522.02,4159.8
452,20241101,1,2900.0,0.0,450.22,480.76,3830.97
453,20241101,44,5083.33,0.0,921.74,861.73,6866.81
454,20241101,7,5000.0,0.0,905.24,847.4,6752.65
455,20241101,42,5000.0,0.0,0.0,717.5,5717.5
456,20241101,30,5750.0,0.0,0.0,825.12,6575.12
457,20241101,17,5333.33,0.0,0.0,765.33,6098.67
458,20241101,31,4833.33,0.0,0.0,693.58,5526.92
459,20241101,34,2550.0,0.0,0.0,365.92,2915.92
460,20241101,38,2950.0,0.0,0.0,423.32,3373.32
461,20241101,36,2650.0,0.0,0.0,380.27,3030.28
462,20241101,23,2900.0,0.0,0.0,416.15,3316.15
463,20241101,33,3916.67,0.0,0.0,562.04,4478.71
464,20241101,32,4333.33,0.0,0.0,621.83,4955.17
465,20241101,46,4166.67,0.0,0.0,597.92,4764.58
466,20241101,28,3750.0,0.0,0.0,538.12,4288.12
467,20241101,43,5333.33,0.0,0.0,765.33,6098.67
468,20241101,20,10416.67,0.0,0.0,1494.79,11911.46
469,20241101,21,8250.0,0.0,0.0,1183.88,9433.88
470,20241101,26,4166.67,0.0,802.64,713.09,5682.4
471,20241101,3,4083.33,0.0,173.56,610.86,4867.76
472,20241101,12,4416.67,0.0,0.0,633.79,5050.46
473,20241201,13,5583.33,873.07,0.0,926.49,7382.89
474,20241201,15,5166.67,333.32,0.0,789.25,6289.24
475,20241201,19,5083.33,434.48,0.0,791.81,6309.62
476,20241201,24,4500.0,572.0,0.0,727.83,5799.83
477,20241201,10,3000.0,440.27,0.0,493.68,3933.95
478,20241201,29,2900.0,188.02,0.0,443.13,3531.16
479,20241201,8,4500.0,700.25,0.0,746.24,5946.48
480,20241201,39,4333.33,616.69,0.0,710.33,5660.35
481,20241201,18,5416.67,408.59,0.0,835.92,6661.19
482,20241201,41,7583.33,0.0,0.0,1088.21,8671.54
483,20241201,11,3916.67,0.0,158.86,584.84,4660.36
484,20241201,2,3916.67,0.0,287.2,603.25,4807.12
485,20241201,25,3833.33,0.0,380.31,604.66,4818.3
486,20241201,14,3666.67,0.0,7.73,527.28,4201.67
487,20241201,40,4083.33,0.0,62.73,594.96,4741.03
488,20241201,35,3750.0,0.0,232.15,571.44,4553.59
489,20241201,47,3666.67,0.0,445.08,590.04,4701.78
490,20241201,22,4000.0,0.0,44.32,580.36,4624.68
491,20241201,37,3750.0,0.0,303.92,581.74,4635.66
492,20241201,27,3500.0,0.0,178.59,527.88,4206.46
493,20241201,9,3583.33,0.0,356.55,565.37,4505.26
494,20241201,1,2900.0,0.0,271.74,455.14,3626.88
495,20241201,44,5083.33,0.0,142.89,749.96,5976.18
496,20241201,7,5000.0,0.0,99.71,731.81,5831.52
497,20241201,42,5000.0,0.0,0.0,717.5,5717.5
498,20241201,30,5750.0,0.0,0.0,825.12,6575.12
499,20241201,17,5333.33,0.0,0.0,765.33,6098.67
500,20241201,31,4833.33,0.0,0.0,693.58,5526.92
501,20241201,34,2550.0,0.0,0.0,365.92,2915.92
502,20241201,38,2950.0,0.0,0.0,423.32,3373.32
503,20241201,36,2650.0,0.0,0.0,380.27,3030.28
504,20241201,23,2900.0,0.0,0.0,416.15,3316.15
505,20241201,33,3916.67,0.0,0.0,562.04,4478.71
506,20241201,32,4333.33,0.0,0.0,621.83,4955.17
507,20241201,28,3750.0,0.0,0.0,538.12,4288.12
508,20241201,43,5333.33,0.0,0.0,765.33,6098.67
509,20241201,20,10416.67,0.0,0.0,1494.79,11911.46
510,20241201,21,8250.0,0.0,0.0,1183.88,9433.88
511,20241201,26,4166.67,0.0,483.67,667.32,5317.66
512,20241201,3,4083.33,0.0,126.45,604.1,4813.89
513,20241201,12,4416.67,0.0,0.0,633.79,5050.46
514,20250101,13,5795.5,512.43,0.0,905.19,7213.12
515,20250101,15,5363.0,665.2,0.0,865.05,6893.25
516,20250101,19,5276.5,448.55,0.0,821.54,6546.59
517,20250101,24,4671.0,234.4,0.0,703.93,5609.33
518,20250101,10,3114.0,375.35,0.0,500.72,3990.07
519,20250101,29,3010.2,262.64,0.0,469.65,3742.5
520,20250101,8,4671.0,582.43,0.0,753.87,6007.3
521,20250101,39,4498.0,438.52,0.0,708.39,5644.91
522,20250101,18,5622.5,242.31,0.0,841.6,6706.4
523,20250101,41,7871.5,0.0,0.0,1129.56,9001.06
524,20250101,11,4065.5,0.0,117.57,600.27,4783.34
525,20250101,2,4065.5,0.0,60.5,592.08,4718.08
526,20250101,25,3979.0,0.0,412.49,630.18,5021.67
527,20250101,14,3806.0,0.0,139.92,566.24,4512.16
528,20250101,40,4238.5,0.0,388.59,663.99,5291.08
529,20250101,35,3892.5,0.0,7.64,559.67,4459.81
530,20250101,47,3806.0,0.0,262.85,583.88,4652.73
531,20250101,22,4152.0,0.0,303.08,639.3,5094.39
532,20250101,37,3892.5,0.0,351.05,608.95,4852.49
533,20250101,27,3633.0,0.0,60.38,530.0,4223.38
534,20250101,9,3719.5,0.0,351.59,584.2,4655.29
535,20250101,1,3010.2,0.0,180.77,457.9,3648.88
536,20250101,44,5276.5,0.0,73.77,767.76,6118.03
537,20250101,7,5190.0,0.0,392.1,801.03,6383.13
538,20250101,42,5190.0,0.0,0.0,744.76,5934.76
539,20250101,30,5968.5,0.0,0.0,856.48,6824.98
540,20250101,17,5536.0,0.0,0.0,794.42,6330.42
541,20250101,31,5017.0,0.0,0.0,719.94,5736.94
542,20250101,34,2646.9,0.0,0.0,379.83,3026.73
543,20250101,38,3062.1,0.0,0.0,439.41,3501.51
544,20250101,36,2750.7,0.0,0.0,394.73,3145.43
545,20250101,23,3010.2,0.0,0.0,431.96,3442.16
546,20250101,33,4065.5,0.0,0.0,583.4,4648.9
547,20250101,32,4498.0,0.0,0.0,645.46,5143.46
548,20250101,28,3892.5,0.0,0.0,558.57,4451.07
549,20250101,43,5536.0,0.0,0.0,794.42,6330.42
550,20250101,20,10812.5,0.0,0.0,1551.59,12364.09
551,20250101,21,8563.5,0.0,0.0,1228.86,9792.36
552,20250101,26,4325.0,0.0,129.12,639.17,5093.29
553,20250101,3,4238.5,0.0,356.01,659.31,5253.82
554,20250101,12,4584.5,0.0,0.0,657.88,5242.38
555,20250201,13,5795.5,442.51,0.0,895.15,7133.16
556,20250201,15,5363.0,260.19,0.0,806.93,6430.12
557,20250201,19,5276.5,800.24,0.0,872.01,6948.75
558,20250201,24,4671.0,480.43,0.0,739.23,5890.66
559,20250201,10,3114.0,376.93,0.0,500.95,3991.88
560,20250201,29,3010.2,236.7,0.0,465.93,3712.83
561,20250201,8,4671.0,228.19,0.0,703.03,5602.23
562,20250201,39,4498.0,685.39,0.0,743.82,5927.21
563,20250201,18,5622.5,542.79,0.0,884.72,7050.01
564,20250201,41,7871.5,0.0,0.0,1129.56,9001.06
565,20250201,11,4065.5,0.0,105.33,598.51,4769.35
566,20250201,2,4065.5,0.0,344.13,632.78,5042.41
567,20250201,25,3979.0,0.0,109.94,586.76,4675.71
568,20250201,14,3806.0,0.0,81.61,557.87,4445.48
569,20250201,40,4238.5,0.0,117.94,625.15,4981.59
570,20250201,35,3892.5,0.0,148.7,579.91,4621.11
571,20250201,47,3806.0,0.0,43.84,552.45,4402.29
572,20250201,22,4152.0,0.0,225.99,628.24,5006.23
573,20250201,37,3892.5,0.0,300.78,601.74,4795.01
574,20250201,27,3633.0,0.0,123.27,539.03,4295.3
575,20250201,9,3719.5,0.0,88.7,546.48,4354.68
576,20250201,1,3010.2,0.0,372.9,485.47,3868.57
577,20250201,44,5276.5,0.0,462.28,823.51,6562.29
578,20250201,7,5190.0,0.0,609.87,832.28,6632.15
579,20250201,42,5190.0,0.0,0.0,744.76,5934.76
580,20250201,30,5968.5,0.0,0.0,856.48,6824.98
581,20250201,17,5536.0,0.0,0.0,794.42,6330.42
582,20250201,31,5017.0,0.0,0.0,719.94,5736.94
583,20250201,34,2646.9,0.0,0.0,379.83,3026.73
584,20250201,38,3062.1,0.0,0.0,439.41,3501.51
585,20250201,36,2750.7,0.0,0.0,394.73,3145.43
586,20250201,23,3010.2,0.0,0.0,431.96,3442.16
587,20250201,33,4065.5,0.0,0.0,583.4,4648.9
588,20250201,32,4498.0,0.0,0.0,645.46,5143.46
589,20250201,28,3892.5,0.0,0.0,558.57,4451.07
590,20250201,43,5536.0,0.0,0.0,794.42,6330.42
591,20250201,20,10812.5,0.0,0.0,1551.59,12364.09
592,20250201,21,8563.5,0.0,0.0,1228.86,9792.36
593,20250201,26,4325.0,0.0,362.98,672.73,5360.71
594,20250201,3,4238.5,0.0,22.56,611.46,4872.52
595,20250201,12,4584.5,0.0,0.0,657.88,5242.38
596,20250301,13,5795.5,377.62,0.0,885.84,7058.97
597,20250301,15,5363.0,733.15,0.0,874.8,6970.95
598,20250301,19,5276.5,733.01,0.0,862.36,6871.88
599,20250301,24,4671.0,974.85,0.0,810.18,6456.03
600,20250301,10,3114.0,572.56,0.0,529.02,4215.59
601,20250301,29,3010.2,199.24,0.0,460.56,3670.0
602,20250301,8,4671.0,621.24,0.0,759.44,6051.67
603,20250301,39,4498.0,815.71,0.0,762.52,6076.23
604,20250301,18,5622.5,985.3,0.0,948.22,7556.02
605,20250301,41,7871.5,0.0,0.0,1129.56,9001.06
606,20250301,11,4065.5,0.0,58.59,591.81,4715.9
607,20250301,2,4065.5,0.0,587.18,667.66,5320.34
608,20250301,25,3979.0,0.0,45.59,577.53,4602.11
609,20250301,14,3806.0,0.0,271.95,585.19,4663.14
610,20250301,40,4238.5,0.0,271.23,647.15,5156.88
611,20250301,35,3892.5,0.0,495.82,629.72,5018.04
612,20250301,47,3806.0,0.0,533.69,622.75,4962.44
613,20250301,22,4152.0,0.0,400.82,653.33,5206.15
614,20250301,37,3892.5,0.0,208.47,588.49,4689.46
615,20250301,27,3633.0,0.0,340.91,570.26,4544.17
616,20250301,9,3719.5,0.0,387.66,589.38,4696.54
617,20250301,44,5276.5,0.0,648.1,850.18,6774.78
618,20250301,7,5190.0,0.0,494.58,815.74,6500.32
619,20250301,42,5190.0,0.0,0.0,744.76,5934.76
620,20250301,30,5968.5,0.0,0.0,856.48,6824.98
621,20250301,17,5536.0,0.0,0.0,794.42,6330.42
622,20250301,31,5017.0,0.0,0.0,719.94,5736.94
623,20250301,34,2646.9,0.0,0.0,379.83,3026.73
624,20250301,38,3062.1,0.0,0.0,439.41,3501.51
625,20250301,36,2750.7,0.0,0.0,394.73,3145.43
626,20250301,23,3010.2,0.0,0.0,431.96,3442.16
627,20250301,33,4065.5,0.0,0.0,583.4,4648.9
628,20250301,32,4498.0,0.0,0.0,645.46,5143.46
629,20250301,28,3892.5,0.0,0.0,558.57,4451.07
630,20250301,43,5536.0,0.0,0.0,794.42,6330.42
631,20250301,20,10812.5,0.0,0.0,1551.59,12364.09
632,20250301,21,8563.5,0.0,0.0,1228.86,9792.36
633,20250301,26,4325.0,0.0,63.76,629.79,5018.55
634,20250301,3,4238.5,0.0,96.51,622.07,4957.08
635,20250301,12,4584.5,0.0,0.0,657.88,5242.38
636,20250401,13,5795.5,936.78,0.0,966.08,7698.36
637,20250401,15,5363.0,407.14,0.0,828.01,6598.15
638,20250401,19,5276.5,248.19,0.0,792.79,6317.48
639,20250401,24,4671.0,1009.9,0.0,815.21,6496.11
640,20250401,10,3114.0,399.78,0.0,504.23,4018.01
641,20250401,29,3010.2,722.58,0.0,535.65,4268.44
642,20250401,8,4671.0,686.3,0.0,768.77,6126.08
643,20250401,39,4498.0,1020.35,0.0,791.88,6310.23
644,20250401,18,5622.5,423.72,0.0,867.63,6913.85
645,20250401,41,7871.5,0.0,0.0,1129.56,9001.06
646,20250401,11,4065.5,0.0,135.33,602.82,4803.65
647,20250401,2,4065.5,0.0,0.92,583.53,4649.95
648,20250401,25,3979.0,0.0,807.83,686.91,5473.74
649,20250401,14,3806.0,0.0,669.71,642.26,5117.97
650,20250401,40,4238.5,0.0,101.54,622.8,4962.83
651,20250401,35,3892.5,0.0,529.69,634.58,5056.78
652,20250401,47,3806.0,0.0,648.06,639.16,5093.22
653,20250401,22,4152.0,0.0,832.81,715.32,5700.13
654,20250401,37,3892.5,0.0,714.7,661.13,5268.33
655,20250401,27,3633.0,0.0,467.62,588.44,4689.05
656,20250401,9,3719.5,0.0,367.99,586.55,4674.04
657,20250401,44,5276.5,0.0,250.39,793.11,6320.0
658,20250401,7,5190.0,0.0,829.71,863.83,6883.54
659,20250401,42,5190.0,0.0,0.0,744.76,5934.76
660,20250401,30,5968.5,0.0,0.0,856.48,6824.98
661,20250401,17,5536.0,0.0,0.0,794.42,6330.42
662,20250401,31,5017.0,0.0,0.0,719.94,5736.94
663,20250401,34,2646.9,0.0,0.0,379.83,3026.73
664,20250401,38,3062.1,0.0,0.0,439.41,3501.51
665,20250401,36,2750.7,0.0,0.0,394.73,3145.43
666,20250401,23,3010.2,0.0,0.0,431.96,3442.16
667,20250401,33,4065.5,0.0,0.0,583.4,4648.9
668,20250401,32,4498.0,0.0,0.0,645.46,5143.46
669,20250401,28,3892.5,0.0,0.0,558.57,4451.07
670,20250401,43,5536.0,0.0,0.0,794.42,6330.42
671,20250401,20,10812.5,0.0,0.0,1551.59,12364.09
672,20250401,21,8563.5,0.0,0.0,1228.86,9792.36
673,20250401,26,4325.0,0.0,485.26,690.27,5500.54
674,20250401,3,4238.5,0.0,422.34,668.83,5329.67
675,20250401,6,2906.4,0.0,587.43,501.36,3995.19
676,20250401,12,4584.5,0.0,0.0,657.88,5242.38
677,20250501,13,5795.5,1355.11,0.0,1026.11,8176.72
678,20250501,15,5363.0,845.71,0.0,890.95,7099.66
679,20250501,19,5276.5,901.99,0.0,886.61,7065.1
680,20250501,24,4671.0,611.3,0.0,758.01,6040.31
681,20250501,10,3114.0,589.07,0.0,531.39,4234.46
682,20250501,29,3010.2,280.17,0.0,472.17,3762.53
683,20250501,8,4671.0,946.16,0.0,806.06,6423.22
684,20250501,39,4498.0,937.03,0.0,779.93,6214.95
685,20250501,18,5622.5,1211.69,0.0,980.71,7814.9
686,20250501,41,7871.5,0.0,0.0,1129.56,9001.06
687,20250501,11,4065.5,0.0,205.78,612.93,4884.21
688,20250501,2,4065.5,0.0,760.56,692.54,5518.6
689,20250501,25,3979.0,0.0,362.03,622.94,4963.97
690,20250501,14,3806.0,0.0,118.69,563.19,4487.88
691,20250501,40,4238.5,0.0,130.03,626.88,4995.41
692,20250501,35,3892.5,0.0,807.65,674.47,5374.63
693,20250501,47,3806.0,0.0,45.89,552.75,4404.64
694,20250501,22,4152.0,0.0,885.06,722.82,5759.87
695,20250501,37,3892.5,0.0,41.17,564.48,4498.15
696,20250501,27,3633.0,0.0,637.51,612.82,4883.33
697,20250501,9,3719.5,0.0,475.47,601.98,4796.95
698,20250501,44,5276.5,0.0,1039.75,906.38,7222.63
699,20250501,7,5190.0,0.0,1061.08,897.03,7148.11
700,20250501,42,5190.0,0.0,0.0,744.76,5934.76
701,20250501,30,5968.5,0.0,0.0,856.48,6824.98
702,20250501,17,5536.0,0.0,0.0,794.42,6330.42
703,20250501,31,5017.0,0.0,0.0,719.94,5736.94
704,20250501,34,2646.9,0.0,0.0,379.83,3026.73
705,20250501,38,3062.1,0.0,0.0,439.41,3501.51
706,20250501,36,2750.7,0.0,0.0,394.73,3145.43
707,20250501,23,3010.2,0.0,0.0,431.96,3442.16
708,20250501,33,4065.5,0.0,0.0,583.4,4648.9
709,20250501,32,4498.0,0.0,0.0,645.46,5143.46
710,20250501,28,3892.5,0.0,0.0,558.57,4451.07
711,20250501,43,5536.0,0.0,0.0,794.42,6330.42
712,20250501,20,10812.5,0.0,0.0,1551.59,12364.09
713,20250501,21,8563.5,0.0,0.0,1228.86,9792.36
714,20250501,26,4325.0,0.0,141.26,640.91,5107.17
715,20250501,3,4238.5,0.0,185.0,634.77,5058.27
716,20250501,6,2906.4,0.0,610.84,504.72,4021.97
717,20250501,12,4584.5,0.0,0.0,657.88,5242.38
718,20250601,13,5795.5,1319.27,0.0,1020.97,8135.74
719,20250601,15,5363.0,1075.62,0.0,923.94,7362.56
720,20250601,19,5276.5,1252.46,0.0,936.91,7465.87
721,20250601,24,4671.0,1087.54,0.0,826.35,6584.89
722,20250601,10,3114.0,369.75,0.0,499.92,3983.67
723,20250601,29,3010.2,286.67,0.0,473.1,3769.97
724,20250601,8,4671.0,1083.7,0.0,825.8,6580.5
725,20250601,39,4498.0,785.1,0.0,758.12,6041.22
726,20250601,18,5622.5,1267.14,0.0,988.66,7878.31
727,20250601,41,7871.5,0.0,0.0,1129.56,9001.06
728,20250601,11,4065.5,0.0,302.79,626.85,4995.14
729,20250601,2,4065.5,0.0,143.23,603.95,4812.68
730,20250601,25,3979.0,0.0,708.67,672.68,5360.35
731,20250601,14,3806.0,0.0,20.21,549.06,4375.27
732,20250601,40,4238.5,0.0,118.18,625.18,4981.86
733,20250601,35,3892.5,0.0,711.98,660.74,5265.23
734,20250601,47,3806.0,0.0,747.86,653.48,5207.34
735,20250601,22,4152.0,0.0,439.58,658.89,5250.47
736,20250601,37,3892.5,0.0,248.25,594.2,4734.94
737,20250601,27,3633.0,0.0,291.99,563.24,4488.23
738,20250601,9,3719.5,0.0,332.7,581.49,4633.69
739,20250601,44,5276.5,0.0,928.54,890.42,7095.47
740,20250601,7,5190.0,0.0,476.85,813.19,6480.05
741,20250601,42,5190.0,0.0,0.0,744.76,5934.76
742,20250601,30,5968.5,0.0,0.0,856.48,6824.98
743,20250601,17,5536.0,0.0,0.0,794.42,6330.42
744,20250601,31,5017.0,0.0,0.0,719.94,5736.94
745,20250601,34,2646.9,0.0,0.0,379.83,3026.73
746,20250601,38,3062.1,0.0,0.0,439.41,3501.51
747,20250601,36,2750.7,0.0,0.0,394.73,3145.43
748,20250601,23,3010.2,0.0,0.0,431.96,3442.16
749,20250601,33,4065.5,0.0,0.0,583.4,4648.9
750,20250601,32,4498.0,0.0,0.0,645.46,5143.46
751,20250601,28,3892.5,0.0,0.0,558.57,4451.07
752,20250601,43,5536.0,0.0,0.0,794.42,6330.42
753,20250601,20,10812.5,0.0,0.0,1551.59,12364.09
754,20250601,21,8563.5,0.0,0.0,1228.86,9792.36
755,20250601,26,4325.0,0.0,377.66,674.83,5377.5
756,20250601,3,4238.5,0.0,303.5,651.78,5193.77
757,20250601,6,2906.4,0.0,218.45,448.42,3573.27
758,20250601,12,4584.5,0.0,0.0,657.88,5242.38
759,20250701,13,5795.5,1008.66,0.0,976.4,7780.55
760,20250701,15,5363.0,575.97,0.0,852.24,6791.21
761,20250701,19,5276.5,627.57,0.0,847.23,6751.3
762,20250701,24,4671.0,872.9,0.0,795.55,6339.45
763,20250701,10,3114.0,440.49,0.0,510.07,4064.56
764,20250701,29,3010.2,355.26,0.0,482.94,3848.4
765,20250701,8,4671.0,856.83,0.0,793.24,6321.08
766,20250701,39,4498.0,296.77,0.0,688.05,5482.82
767,20250701,18,5622.5,791.87,0.0,920.46,7334.83
768,20250701,41,7871.5,0.0,0.0,1129.56,9001.06
769,20250701,11,4065.5,0.0,204.7,612.77,4882.97
770,20250701,2,4065.5,0.0,104.69,598.42,4768.61
771,20250701,25,3979.0,0.0,37.04,576.3,4592.34
772,20250701,14,3806.0,0.0,61.52,554.99,4422.51
773,20250701,40,4238.5,0.0,80.58,619.79,4938.86
774,20250701,35,3892.5,0.0,244.48,593.66,4730.63
775,20250701,47,3806.0,0.0,391.76,602.38,4800.14
776,20250701,22,4152.0,0.0,35.41,600.89,4788.3
777,20250701,37,3892.5,0.0,73.86,569.17,4535.53
778,20250701,27,3633.0,0.0,514.77,595.21,4742.98
779,20250701,9,3719.5,0.0,457.14,599.35,4775.99
780,20250701,44,5276.5,0.0,466.44,824.11,6567.05
781,20250701,7,5190.0,0.0,698.54,845.0,6733.54
782,20250701,42,5190.0,0.0,0.0,744.76,5934.76
783,20250701,30,5968.5,0.0,0.0,856.48,6824.98
784,20250701,17,5536.0,0.0,0.0,794.42,6330.42
785,20250701,31,5017.0,0.0,0.0,719.94,5736.94
786,20250701,34,2646.9,0.0,0.0,379.83,3026.73
787,20250701,38,3062.1,0.0,0.0,439.41,3501.51
788,20250701,36,2750.7,0.0,0.0,394.73,3145.43
789,20250701,23,3010.2,0.0,0.0,431.96,3442.16
790,20250701,33,4065.5,0.0,0.0,583.4,4648.9
791,20250701,32,4498.0,0.0,0.0,645.46,5143.46
792,20250701,28,3892.5,0.0,0.0,558.57,4451.07
793,20250701,43,5536.0,0.0,0.0,794.42,6330.42
794,20250701,20,10812.5,0.0,0.0,1551.59,12364.09
795,20250701,21,8563.5,0.0,0.0,1228.86,9792.36
796,20250701,26,4325.0,0.0,507.61,693.48,5526.09
797,20250701,3,4238.5,0.0,642.7,700.45,5581.65
798,20250701,6,2906.4,0.0,136.62,436.67,3479.7
799,20250701,12,4584.5,0.0,0.0,657.88,5242.38
800,20250801,13,5795.5,555.51,0.0,911.37,7262.37
801,20250801,15,5363.0,569.8,0.0,851.36,6784.16
802,20250801,19,5276.5,1420.01,0.0,960.95,7657.46
803,20250801,24,4671.0,799.01,0.0,784.95,6254.96
804,20250801,10,3114.0,768.21,0.0,557.1,4439.31
805,20250801,29,3010.2,763.55,0.0,541.53,4315.28
806,20250801,8,4671.0,767.81,0.0,780.47,6219.27
807,20250801,39,4498.0,1195.29,0.0,816.99,6510.28
808,20250801,18,5622.5,1173.44,0.0,975.22,7771.16
809,20250801,41,7871.5,0.0,0.0,1129.56,9001.06
810,20250801,11,4065.5,0.0,120.48,600.69,4786.67
811,20250801,2,4065.5,0.0,964.97,721.87,5752.35
812,20250801,25,3979.0,0.0,943.91,706.44,5629.35
813,20250801,14,3806.0,0.0,362.34,598.16,4766.5
814,20250801,40,4238.5,0.0,624.34,697.82,5560.66
815,20250801,35,3892.5,0.0,186.6,585.35,4664.45
816,20250801,47,3806.0,0.0,903.74,675.85,5385.59
817,20250801,22,4152.0,0.0,13.4,597.73,4763.13
818,20250801,37,3892.5,0.0,714.16,661.06,5267.72
819,20250801,27,3633.0,0.0,514.65,595.19,4742.84
820,20250801,9,3719.5,0.0,672.67,630.28,5022.45
821,20250801,44,5276.5,0.0,933.5,891.14,7101.14
822,20250801,7,5190.0,0.0,546.67,823.21,6559.89
823,20250801,42,5190.0,0.0,0.0,744.76,5934.76
824,20250801,30,5968.5,0.0,0.0,856.48,6824.98
825,20250801,17,5536.0,0.0,0.0,794.42,6330.42
826,20250801,31,5017.0,0.0,0.0,719.94,5736.94
827,20250801,34,2646.9,0.0,0.0,379.83,3026.73
828,20250801,38,3062.1,0.0,0.0,439.41,3501.51
829,20250801,36,2750.7,0.0,0.0,394.73,3145.43
830,20250801,23,3010.2,0.0,0.0,431.96,3442.16
831,20250801,33,4065.5,0.0,0.0,583.4,4648.9
832,20250801,32,4498.0,0.0,0.0,645.46,5143.46
833,20250801,28,3892.5,0.0,0.0,558.57,4451.07
834,20250801,43,5536.0,0.0,0.0,794.42,6330.42
835,20250801,20,10812.5,0.0,0.0,1551.59,12364.09
836,20250801,21,8563.5,0.0,0.0,1228.86,9792.36
837,20250801,3,4238.5,0.0,844.97,729.48,5812.95
838,20250801,6,2906.4,0.0,226.11,449.51,3582.02
839,20250801,12,4584.5,0.0,0.0,657.88,5242.38
840,20250901,13,5795.5,1727.8,0.0,1079.59,8602.89
841,20250901,15,5363.0,464.15,0.0,836.2,6663.34
842,20250901,19,5276.5,838.03,0.0,877.44,6991.97
843,20250901,24,4671.0,1538.17,0.0,891.02,7100.19
844,20250901,10,3114.0,925.43,0.0,579.66,4619.08
845,20250901,29,3010.2,316.11,0.0,477.33,3803.64
846,20250901,8,4671.0,411.32,0.0,729.31,5811.63
847,20250901,39,4498.0,459.72,0.0,711.43,5669.16
848,20250901,18,5622.5,722.6,0.0,910.52,7255.63
849,20250901,41,7871.5,0.0,0.0,1129.56,9001.06
850,20250901,11,4065.5,0.0,388.89,639.21,5093.6
851,20250901,2,4065.5,0.0,724.92,687.43,5477.85
852,20250901,25,3979.0,0.0,891.75,698.95,5569.71
853,20250901,14,3806.0,0.0,683.84,644.29,5134.13
854,20250901,40,4238.5,0.0,866.27,732.53,5837.3
855,20250901,35,3892.5,0.0,205.21,588.02,4685.73
856,20250901,47,3806.0,0.0,454.0,611.31,4871.31
857,20250901,22,4152.0,0.0,806.67,711.57,5670.23
858,20250901,37,3892.5,0.0,527.4,634.26,5054.16
859,20250901,27,3633.0,0.0,350.4,571.62,4555.02
860,20250901,9,3719.5,0.0,43.26,539.96,4302.72
861,20250901,44,5276.5,0.0,92.59,770.46,6139.56
862,20250901,7,5190.0,0.0,780.91,856.83,6827.74
863,20250901,42,5190.0,0.0,0.0,744.76,5934.76
864,20250901,30,5968.5,0.0,0.0,856.48,6824.98
865,20250901,17,5536.0,0.0,0.0,794.42,6330.42
866,20250901,31,5017.0,0.0,0.0,719.94,5736.94
867,20250901,34,2646.9,0.0,0.0,379.83,3026.73
868,20250901,38,3062.1,0.0,0.0,439.41,3501.51
869,20250901,36,2750.7,0.0,0.0,394.73,3145.43
870,20250901,23,3010.2,0.0,0.0,431.96,3442.16
871,20250901,33,4065.5,0.0,0.0,583.4,4648.9
872,20250901,32,4498.0,0.0,0.0,645.46,5143.46
873,20250901,28,3892.5,0.0,0.0,558.57,4451.07
874,20250901,43,5536.0,0.0,0.0,794.42,6330.42
875,20250901,20,10812.5,0.0,0.0,1551.59,12364.09
876,20250901,21,8563.5,0.0,0.0,1228.86,9792.36
877,20250901,3,4238.5,0.0,1126.15,769.83,6134.47
878,20250901,6,2906.4,0.0,268.43,455.59,3630.41
879,20250901,12,4584.5,0.0,0.0,657.88,5242.38
880,20250901,4,4325.0,0.0,407.65,679.14,5411.78
881,20251001,13,5795.5,1820.1,0.0,1092.84,8708.44
882,20251001,15,5363.0,1553.17,0.0,992.47,7908.64
883,20251001,19,5276.5,397.28,0.0,814.19,6487.97
884,20251001,24,4671.0,1303.8,0.0,857.38,6832.19
885,20251001,10,3114.0,559.33,0.0,527.12,4200.46
886,20251001,29,3010.2,760.14,0.0,541.04,4311.39
887,20251001,8,4671.0,1518.0,0.0,888.12,7077.12
888,20251001,39,4498.0,753.23,0.0,753.55,6004.78
889,20251001,18,5622.5,957.29,0.0,944.2,7523.99
890,20251001,41,7871.5,0.0,0.0,1129.56,9001.06
891,20251001,11,4065.5,0.0,210.64,613.63,4889.77
892,20251001,2,4065.5,0.0,380.3,637.97,5083.77
893,20251001,25,3979.0,0.0,1025.8,718.19,5722.99
894,20251001,14,3806.0,0.0,817.01,663.4,5286.41
895,20251001,40,4238.5,0.0,417.67,668.16,5324.33
896,20251001,35,3892.5,0.0,259.9,595.87,4748.27
897,20251001,47,3806.0,0.0,512.94,619.77,4938.71
898,20251001,22,4152.0,0.0,745.86,702.84,5600.7
899,20251001,37,3892.5,0.0,398.1,615.7,4906.31
900,20251001,27,3633.0,0.0,296.14,563.83,4492.98
901,20251001,44,5276.5,0.0,1135.26,920.09,7331.84
902,20251001,7,5190.0,0.0,1382.15,943.1,7515.25
903,20251001,42,5190.0,0.0,0.0,744.76,5934.76
904,20251001,30,5968.5,0.0,0.0,856.48,6824.98
905,20251001,17,5536.0,0.0,0.0,794.42,6330.42
906,20251001,31,5017.0,0.0,0.0,719.94,5736.94
907,20251001,34,2646.9,0.0,0.0,379.83,3026.73
908,20251001,38,3062.1,0.0,0.0,439.41,3501.51
909,20251001,36,2750.7,0.0,0.0,394.73,3145.43
910,20251001,23,3010.2,0.0,0.0,431.96,3442.16
911,20251001,33,4065.5,0.0,0.0,583.4,4648.9
912,20251001,32,4498.0,0.0,0.0,645.46,5143.46
913,20251001,28,3892.5,0.0,0.0,558.57,4451.07
914,20251001,43,5536.0,0.0,0.0,794.42,6330.42
915,20251001,20,10812.5,0.0,0.0,1551.59,12364.09
916,20251001,21,8563.5,0.0,0.0,1228.86,9792.36
917,20251001,3,4238.5,0.0,682.47,706.16,5627.13
918,20251001,6,2906.4,0.0,570.8,498.98,3976.18
919,20251001,12,4584.5,0.0,0.0,657.88,5242.38
920,20251001,4,4325.0,0.0,704.26,721.7,5750.96
921,20251101,13,5795.5,485.14,0.0,901.27,7181.91
922,20251101,15,5363.0,353.88,0.0,820.37,6537.25
923,20251101,19,5276.5,1305.29,0.0,944.49,7526.27
924,20251101,24,4671.0,942.72,0.0,805.57,6419.29
925,20251101,10,3114.0,486.93,0.0,516.73,4117.66
926,20251101,29,3010.2,707.96,0.0,533.56,4251.72
927,20251101,8,4671.0,1085.81,0.0,826.1,6582.91
928,20251101,39,4498.0,974.6,0.0,785.32,6257.92
929,20251101,18,5622.5,1427.18,0.0,1011.63,8061.31
930,20251101,41,7871.5,0.0,0.0,1129.56,9001.06
931,20251101,11,4065.5,0.0,66.27,592.91,4724.68
932,20251101,2,4065.5,0.0,44.99,589.85,4700.34
933,20251101,25,3979.0,0.0,700.42,671.5,5350.91
934,20251101,14,3806.0,0.0,658.88,640.71,5105.58
935,20251101,40,4238.5,0.0,243.69,643.19,5125.39
936,20251101,35,3892.5,0.0,279.15,598.63,4770.28
937,20251101,47,3806.0,0.0,53.55,553.85,4413.4
938,20251101,22,4152.0,0.0,148.65,617.14,4917.8
939,20251101,37,3892.5,0.0,58.74,567.0,4518.24
940,20251101,27,3633.0,0.0,628.23,611.49,4872.72
941,20251101,44,5276.5,0.0,214.02,787.89,6278.41
942,20251101,7,5190.0,0.0,182.9,771.01,6143.92
943,20251101,42,5190.0,0.0,0.0,744.76,5934.76
944,20251101,30,5968.5,0.0,0.0,856.48,6824.98
945,20251101,17,5536.0,0.0,0.0,794.42,6330.42
946,20251101,31,5017.0,0.0,0.0,719.94,5736.94
947,20251101,34,2646.9,0.0,0.0,379.83,3026.73
948,20251101,38,3062.1,0.0,0.0,439.41,3501.51
949,20251101,36,2750.7,0.0,0.0,394.73,3145.43
950,20251101,23,3010.2,0.0,0.0,431.96,3442.16
951,20251101,33,4065.5,0.0,0.0,583.4,4648.9
952,20251101,32,4498.0,0.0,0.0,645.46,5143.46
953,20251101,28,3892.5,0.0,0.0,558.57,4451.07
954,20251101,43,5536.0,0.0,0.0,794.42,6330.42
955,20251101,20,10812.5,0.0,0.0,1551.59,12364.09
956,20251101,21,8563.5,0.0,0.0,1228.86,9792.36
957,20251101,3,4238.5,0.0,385.09,663.49,5287.08
958,20251101,5,3979.0,0.0,1.2,571.16,4551.36
959,20251101,6,2906.4,0.0,42.16,423.12,3371.67
960,20251101,12,4584.5,0.0,0.0,657.88,5242.38
961,20251101,4,4325.0,0.0,760.52,729.77,5815.29
962,20251201,13,5795.5,187.77,0.0,858.6,6841.87
963,20251201,15,5363.0,748.03,0.0,876.93,6987.96
964,20251201,19,5276.5,599.78,0.0,843.25,6719.52
965,20251201,24,4671.0,414.41,0.0,729.76,5815.17
966,20251201,10,3114.0,228.41,0.0,479.64,3822.05
967,20251201,29,3010.2,265.15,0.0,470.01,3745.36
968,20251201,8,4671.0,222.77,0.0,702.26,5596.02
969,20251201,39,4498.0,341.89,0.0,694.52,5534.41
970,20251201,18,5622.5,648.55,0.0,899.9,7170.95
971,20251201,41,7871.5,0.0,0.0,1129.56,9001.06
972,20251201,11,4065.5,0.0,386.3,638.83,5090.64
973,20251201,2,4065.5,0.0,257.05,620.29,4942.83
974,20251201,25,3979.0,0.0,224.25,603.17,4806.41
975,20251201,14,3806.0,0.0,426.38,607.35,4839.73
976,20251201,40,4238.5,0.0,357.8,659.57,5255.87
977,20251201,35,3892.5,0.0,219.36,590.05,4701.91
978,20251201,47,3806.0,0.0,477.48,614.68,4898.16
979,20251201,22,4152.0,0.0,300.81,638.98,5091.79
980,20251201,37,3892.5,0.0,266.31,596.79,4755.59
981,20251201,27,3633.0,0.0,100.44,535.75,4269.19
982,20251201,44,5276.5,0.0,87.21,769.69,6133.4
983,20251201,7,5190.0,0.0,407.91,803.3,6401.21
984,20251201,42,5190.0,0.0,0.0,744.76,5934.76
985,20251201,30,5968.5,0.0,0.0,856.48,6824.98
986,20251201,17,5536.0,0.0,0.0,794.42,6330.42
987,20251201,31,5017.0,0.0,0.0,719.94,5736.94
988,20251201,34,2646.9,0.0,0.0,379.83,3026.73
989,20251201,38,3062.1,0.0,0.0,439.41,3501.51
990,20251201,36,2750.7,0.0,0.0,394.73,3145.43
991,20251201,23,3010.2,0.0,0.0,431.96,3442.16
992,20251201,33,4065.5,0.0,0.0,583.4,4648.9
993,20251201,32,4498.0,0.0,0.0,645.46,5143.46
994,20251201,28,3892.5,0.0,0.0,558.57,4451.07
995,20251201,43,5536.0,0.0,0.0,794.42,6330.42
996,20251201,20,10812.5,0.0,0.0,1551.59,12364.09
997,20251201,21,8563.5,0.0,0.0,1228.86,9792.36
998,20251201,3,4238.5,0.0,125.19,626.19,4989.88
999,20251201,5,3979.0,0.0,85.4,583.24,4647.64
1000,20251201,6,2906.4,0.0,335.74,465.25,3707.38
1001,20251201,12,4584.5,0.0,0.0,657.88,5242.38
1002,20251201,4,4325.0,0.0,151.63,642.4,5119.02
